"FullName","LastWriteTime"
"C:\Users\mglma\.gemini\antigravity\scratch\gestao_oficina\public\LOGO.png","13/04/2026 19:13:27"
"C:\Users\mglma\.gemini\antigravity\scratch\gestao_oficina\attached_assets\image_1773748654810.png","17/03/2026 19:59:34"
"C:\Users\mglma\.gemini\antigravity\scratch\gestao_oficina\attached_assets\image_1773747734300.png","17/03/2026 19:59:34"
"C:\Users\mglma\.gemini\antigravity\scratch\gestao_oficina\attached_assets\image_1773747129732.png","17/03/2026 19:59:34"
"C:\Users\mglma\.gemini\antigravity\scratch\gestao_oficina\attached_assets\image_1773681707650.png","17/03/2026 19:59:34"
"C:\Users\mglma\.gemini\antigravity\scratch\gestao_oficina\attached_assets\image_1773746943143.png","17/03/2026 19:59:34"
"C:\Users\mglma\.gemini\antigravity\scratch\gestao_oficina\node_modules\leaflet\dist\images\marker-shadow.png","10/02/2026 21:07:25"
"C:\Users\mglma\.gemini\antigravity\scratch\gestao_oficina\node_modules\leaflet\dist\images\marker-icon.png","10/02/2026 21:07:25"
"C:\Users\mglma\.gemini\antigravity\scratch\gestao_oficina\node_modules\leaflet\dist\images\marker-icon-2x.png","10/02/2026 21:07:25"
"C:\Users\mglma\.gemini\antigravity\scratch\gestao_oficina\node_modules\leaflet\dist\images\layers.png","10/02/2026 21:07:25"
